<?xml version="1.0" encoding="UTF-8" standalone="no"?>
<Entities>
    <ExtensionPackages>
        <ExtensionPackage dependsOn="" description="" minimumThingWorxVersion="8.3.0" name="LineChart_Extension" packageVersion="1.0.0" vendor="twx"> 
        </ExtensionPackage>
    </ExtensionPackages>
    <Widgets>
        <Widget name="line">
            <UIResources>
                <FileResource description="" file="line.ide.js" isDevelopment="true" isRuntime="false" type="JS"/>
                <FileResource description="" file="line.ide.css" isDevelopment="true" isRuntime="false" type="CSS"/>
                <FileResource description="" file="line.runtime.js" isDevelopment="false" isRuntime="true" type="JS"/>
                <FileResource description="" file="line.runtime.css" isDevelopment="false" isRuntime="true" type="CSS"/>
                <FileResource description="" file="include/d3/d3.js" isDevelopment="false" isRuntime="true" type="JS" />
				<FileResource description="" file="include/nvd3/nv.d3.css" isDevelopment="false" isRuntime="true" type="CSS" />
				<FileResource description="" file="include/nvd3/nv.d3.js" isDevelopment="false" isRuntime="true" type="JS" />
				<FileResource description="" file="include/tw/twChart.js" isDevelopment="false" isRuntime="true" type="JS" />
                
            </UIResources>
        </Widget>
    </Widgets>
</Entities>
