<?xml version="1.0" encoding="UTF-8" standalone="no"?>
<Entities>
    <ExtensionPackages>
        <ExtensionPackage dependsOn="" description="" minimumThingWorxVersion="8.3.0" name="AmChart" packageVersion="1.0.0" vendor="twx"> 
        </ExtensionPackage>
    </ExtensionPackages>
    <Widgets>
        <Widget name="amchartwidget">
            <UIResources>
                <FileResource description="" file="amchartwidget.ide.js" isDevelopment="true" isRuntime="false" type="JS"/>
                <FileResource description="" file="amchartwidget.ide.css" isDevelopment="true" isRuntime="false" type="CSS"/>
                <FileResource description="" file="amchartwidget.runtime.js" isDevelopment="false" isRuntime="true" type="JS"/>
                <FileResource description="" file="amchartwidget.runtime.css" isDevelopment="false" isRuntime="true" type="CSS"/>
             	<FileResource description="AM Charts libraries" file="amcharts/core.js" isDevelopment="false" isRuntime="true" type="JS"/>
				<FileResource description="AM Charts libraries" file="amcharts/charts.js" isDevelopment="false" isRuntime="true" type="JS"/>
				<FileResource description="AM Charts libraries" file="amcharts/themes/spiritedaway.js" isDevelopment="false" isRuntime="true" type="JS"/>
				<FileResource description="AM Charts libraries" file="amcharts/themes/animated.js" isDevelopment="false" isRuntime="true" type="JS"/>
            </UIResources>
        </Widget>
    </Widgets>
</Entities>
